<?xml version="1.0" encoding="utf-8"?>
<theme>
  <general>
    <theme_name><![CDATA[EM0139 EM Everest Ultimate Layout 03 - Super Market Store]]></theme_name>
    <identifier><![CDATA[em0139-layout03]]></identifier>
    <base_theme><![CDATA[em0139]]></base_theme>
    <package><![CDATA[em0139]]></package>
    <template><![CDATA[em0139_layout03]]></template>
    <layout><![CDATA[em0139_layout03]]></layout>
    <skin><![CDATA[em0139_layout03]]></skin>
    <default_theme><![CDATA[]]></default_theme>
    <path><![CDATA[supermarket.jpg]]></path>
    <is_clone><![CDATA[0]]></is_clone>
  </general>
  <settings>
    <config_json><![CDATA[{"general_disable_responsive":"1","general_right_to_left":"0","general_right_to_left_preview":"","general_box_wide":"wide","general_box_wide_preview":"","general_wideslide_full":"0","general_wideslide_full_preview":"","general_sticky_element":"1","general_header_style":"style01","general_footer_style":"style05","general_disable_default_nav":"0","general_disable_hover_login":"1","general_cat_search":"2","general_show_popup":"2","general_disable_ajaxaddto":"1","general_disable_frontend_variation":"1","general_admin_toolbar":"0","general_disable_collapse":"1","css_additional_css_file":"style_03.css,theme_03.less","css_custom_css":"","fonts_google_font_key":"AIzaSyCZ6wqklkyJFXWvoxvA5Zv0SGzHTd6JbbI","fonts_google_fonts":["Ek Mukta","Roboto","Roboto Condensed"],"fonts_font_family":"null","fonts_google_fonts_weights":"200,300,400,500,600,700,800","fonts_general_font":"500 14px\/1.55 Roboto,Helvetica Neue, Helvetica, Arial, sans-serif","fonts_h1_font":"500 22px\/1.15 Roboto, Helvetica Neue, Helvetica, Arial, sans-serif","fonts_h2_font":"700 20px\/1.35 Ek Mukta, Helvetica Neue, Helvetica, Arial, sans-serif","fonts_h3_font":"500 18px\/1.35 Roboto, Helvetica Neue, Helvetica, Arial, sans-serif","fonts_h4_font":"500 16px\/1.35 Ek Mukta, Helvetica Neue, Helvetica, Arial, sans-serif","fonts_h5_font":"500 14px\/1.35 Ek Mukta, Helvetica Neue, Helvetica, Arial, sans-serif","fonts_h6_font":"500 13px\/1.35 Roboto ,Helvetica, Arial, sans-serif","typo_general_page_bg_color":"#ffffff","typo_general_page_bg_image":"","typo_general_page_bg_position":"0 0","typo_general_page_bg_repeat":"repeat","typo_general_page_bg_attachment":"fixed","typo_general_box_shadow":"0 0 5px #ffffff","typo_general_rounded_corner":"0","header_header_bg_color":"#ffffff","header_header_bg2_color":"#ffffff","header_header_bg4_color":"#ffffff","header_header_bg5_color":"#ffffff","header_header_bg_image":"","header_header_bg_position":"0 0","header_header_bg_repeat":"repeat","header_header_text_color":"#707070","header_header_text2_color":"#7f0040","header_header_text3_color":"#282828","header_header_text4_color":"#808080","header_header_line_color":"#e1e1e1","header_header_search_line_color":"#7f0040","menu_topmenu_bg_color":"#f9f9f9","menu_topmenu_hover_bg_color":"#f9f9f9","menu_topmenu_text_color":"#4d0228","menu_topmenu_hover_text_color":"#7f0040","menu_topmenu_line_color":"#4d0228","menu_topmenu_font":"600 16px\/1.35 Ek Mukta,Helvetica Neue, Helvetica, Arial, sans-serif","menu_vnav_bg_color":"#ffffff","menu_vnav_hover_bg_color":"#ffffff","menu_vnav_text_color":"#707070","menu_vnav_hover_text_color":"#7f0040","menu_vnav_line_color":"#e1e1e1","menu_vnav_font":"normal 16px\/1.35 Roboto,Helvetica Neue, Helvetica, Arial, sans-serif","menu_dropmenu_bg_color":"#ffffff","menu_dropmenu_text_color":"rgba(112,112,112,1.00)","menu_dropmenu_text2_color":"#7f0040","menu_dropmenu_text3_color":"#4d0228","menu_dropmenu_line_color":"#e9e9e9","menu_dropmenu_font":"normal 14px\/1.55 Roboto, Helvetica, Arial, sans-serif","body_body_bg_color":"#ffffff","body_body_bg2_color":"#ffffff","body_body_bg3_color":"#7f0040","body_body_bg4_color":"#ffffff","body_body_tab_bg_color":"#ffffff","body_body_label_bg_color":"#f7d059","body_body_label_bg2_color":"#f83c3c","body_body_label_bg3_color":"#2cbedd","body_body_bg_image":"","body_body_bg_position":"0 0","body_body_bg_repeat":"repeat","body_body_text_color":"#808080","body_body_text2_color":"#c7202c","body_body_text3_color":"#363636","body_body_text4_color":"#4d0228","body_body_text5_color":"#7f0040","body_body_text6_color":"#ffffff","body_body_text7_color":"#7f0040","body_body_line_color":"#ebebeb","body_body_line2_color":"#7f0040","footer_footer_bg_color":"#f1f1f1","footer_footer_bg2_color":"#f1f1f1","footer_footer_bg3_color":"#ffffff","footer_footer_bg_image":"","footer_footer_bg_position":"0 0","footer_footer_bg_repeat":"repeat","footer_footer_text_color":"#434343","footer_footer_text2_color":"#4d0228","footer_footer_text3_color":"#363636","footer_footer_text4_color":"#ffffff","footer_footer_line_color":"#898989","buttons_btn1_bg_color":"#7f0040","buttons_btn1_text_color":"#ffffff","buttons_btn1_line_color":"#7f0040","buttons_btn1_font":"700 12px\/1.35 Ek Mukta, Helvetica, Arial, sans-serif","buttons_btn2_bg_color":"#f1f1f1","buttons_btn2_text_color":"#a1a1a1","buttons_btn2_line_color":"#f1f1f1","buttons_btn2_font":"700 12px\/1.35 Ek Mukta, Helvetica, Arial, sans-serif","buttons_btn3_bg_color":"#ff9900","buttons_btn3_text_color":"#ffffff","buttons_btn3_line_color":"#ff9900","buttons_btn3_font":"700 12px\/1.15 Ek Mukta, Helvetica, Arial, sans-serif","buttons_btn4_bg_color":"#33952c","buttons_btn4_text_color":"#ffffff","buttons_btn4_line_color":"#33952c","buttons_btn4_font":"700 16px\/1.35 Ek Mukta, Helvetica, Arial, sans-serif","buttons_btn5_bg_color":"#ffffff","buttons_btn5_text_color":"#898989","buttons_btn5_line_color":"#e1e1e1","buttons_btn5_font":"700 12px\/1.35 Ek Mukta, Helvetica, Arial, sans-serif","buttons_btn6_bg_color":"#ffffff","buttons_btn6_text_color":"#898989","buttons_btn6_line_color":"#e1e1e1","buttons_btn6_font":"700 12px\/1.35 Ek Mukta, Helvetica, Arial, sans-serif","buttons_btn7_bg_color":"transparent","buttons_btn7_text_color":"#ffffff","buttons_btn7_line_color":"#ffffff","buttons_btn7_font":"700 12px\/1.35 Ek Mukta, Helvetica, Arial, sans-serif","products_grid_onecolumn":"5","products_grid_twocolumns":"4","products_grid_threecolumns":"3","products_grid_desktop_small_onecolumn":"4","products_grid_desktop_small_twocolumns":"3","products_grid_desktop_small_threecolumns":"2","products_grid_tablet_onecolumn":"3","products_grid_tablet_twocolumns":"3","products_grid_tablet_threecolumns":"2","products_grid_items_mobile":"2","products_grid_image_ratio":"1","products_grid_custom_width":"1","products_grid_custom_height":"1","products_grid_alt_img":"image","products_grid_config_hover":"mobile","products_grid_align_center":"1","products_grid_show_thumbnail":"1","products_grid_show_label":"1","products_grid_show_product_name":"1","products_grid_auto_product_name":"0","products_grid_show_desc":"2","products_grid_show_price":"1","products_grid_show_reviews":"1","products_grid_show_addtocart":"1","products_list_gutter":"","products_list_image_ratio":"1","products_list_custom_width":"1","products_list_custom_height":"1","products_list_alt_img":"image","products_list_show_product_name":"1","products_list_show_thumbnail":"1","products_list_show_desc":"1","products_list_show_price":"1","products_list_show_reviews":"1","products_list_show_addtocart":"1","products_list_show_addto":"1","products_list_show_label":"1","product_detail_product_view_preview":"","product_detail_primary_column_width":"8","product_detail_secondary_column_width":"8","product_detail_desc_column_width":"8","product_detail_base_image_width":"500","product_detail_base_image_height":"500","product_detail_primary_two_column_width":"12","product_detail_secondary_two_column_width":"12","product_detail_desc_two_column_width":"24","product_detail_base_two_image_width":"500","product_detail_base_two_image_height":"500","product_detail_primary_three_column_width":"12","product_detail_secondary_three_column_width":"12","product_detail_desc_three_column_width":"24","product_detail_base_three_image_width":"500","product_detail_base_three_image_height":"500","product_detail_show_sku":"1","product_detail_viewmode":"cloudzoom","product_detail_cloud_zoom_width":"500","product_detail_cloud_zoom_height":"500","product_detail_use_tabs":"1","moreview_width":"100","moreview_height":"100","moreview_enable_slider":"1","moreview_slider_items":"4","moreview_slider_items_desktop":"4","moreview_slider_items_desktop_small":"3","moreview_slider_items_tablet":"3","moreview_slider_items_mobile":"2","moreview_slider_navigation":"1","moreview_slider_pagination":"0","moreview_slider_pagination_numbers":"0","related_display":"dont_replace","related_position":"top_tabs","related_width":"180","related_height":"180","related_enable_slider":"1","related_slider_items":"4","related_slider_items_two":"4","related_slider_items_three":"3","related_slider_items_desktop":"5","related_slider_items_desktop_small":"3","related_slider_items_tablet":"3","related_slider_items_mobile":"2","related_slider_navigation":"1","related_slider_pagination":"0","related_slider_pagination_numbers":"0","upsell_display":"replace_empty","upsell_width":"180","upsell_height":"180","upsell_enable_slider":"1","upsell_slider_items":"4","upsell_slider_items_two":"3","upsell_slider_items_three":"2","upsell_slider_items_desktop":"4","upsell_slider_items_desktop_small":"3","upsell_slider_items_tablet":"3","upsell_slider_items_mobile":"2","upsell_slider_navigation":"1","upsell_slider_pagination":"0","upsell_slider_pagination_numbers":"0","position_catalog_shopby":"em_layer","position_catalog_leftnav":"em_layer","position_catalog_search_layer":"em_layer","position_catalog_related":"right","position_compare":"all","position_poll":"all","position_popular_tags":"left","position_wishlist_sidebar":"all","position_reorder_sidebar":"right","home_position_compare":"0","home_position_poll":"0","home_position_tags":"0","home_position_wishlist":"0","home_position_reorder":"0","crossell_display":"replace_empty","crossell_width":"280","crossell_height":"280","crossell_enable_slider":"1","crossell_slider_items":"4","crossell_slider_items_desktop":"4","crossell_slider_items_desktop_small":"3","crossell_slider_items_tablet":"3","crossell_slider_items_mobile":"2","crossell_slider_navigation":"1","crossell_slider_pagination":"0","crossell_slider_pagination_numbers":"0","image_sidebar_width":"100","image_sidebar_height":"100","related_sidebar_width":"100","related_sidebar_height":"100","image_shopping_cart_width":"100","image_shopping_cart_height":"100","recently_viewed_width":"100","recently_viewed_height":"100","flashtag_enabled":"0","flashtag_count":"100","flashtag_max":"20","flashtag_min":"12","flashtag_maxcolor":"#646464","flashtag_normal":"#646464","flashtag_hover":"#646464","ajaxcart_auto_close":"0","contacts_map_enable":"1","contacts_map_address":"249 Ung Van Khiem, Phuong 25, Binh Thanh, Ho Chi Minh","contacts_map_info":"We really care about you and your website as much as you do. Purchasing EM0131 Everything or any other theme from us you get 100% free support.","contacts_map_height":"500","contacts_map_width":"100%","contacts_map_image":null,"snippets_enable":"0","snippets_review":"0","snippets_price":"0","snippets_breadcrumbs":"0","snippets_description":"0","thumbnail":null,"typo_general_page_bg_file":null,"header_header_bg_file":null,"body_body_bg_file":null,"footer_footer_bg_file":null}]]></config_json>
    <excluded_blocks><![CDATA[em0139-mainstore-area05-specialproducts&em0139-mainstore-area06-service&em0139-mainstore-area01-leftmenu&em0139-mainstore-area02-mainslideshow&em0139-mainstore-area03-home-dailydeals&em0139-mainstore-area04-home-bestseller&em0139-mainstore-content-block1-mobiletablet&em0139-mainstore-content-block2-fashionworld&em0139-mainstore-content-block3-familyfood&em0139-mainstore-content-block4-mombabycare&em0139-mainstore-content-block5-electronicappliances]]></excluded_blocks>
  </settings>
</theme>
